feature_0,feature_1,feature_2,feature_3,feature_4,label
-0.3323861971727825,-0.8983839124650089,0.045913117991076904,-1.370609405136844,1.733370184208599,0.0
-0.3323861971727825,-0.8883472121309094,0.04547936547648075,-1.370609405136844,1.733370184208599,0.0
-0.3323861971727825,-0.8874857751592101,0.04651068545009926,-1.370609405136844,1.733370184208599,0.0
-0.3323861971727825,-0.8678909507473365,0.04568110409138666,-1.370609405136844,1.733370184208599,0.0
-0.3323861971727825,-0.8630793456614009,0.04313691682944885,-1.370609405136844,1.733370184208599,0.0
-0.3323861971727825,-0.869140992191458,0.03702062609099831,-1.370609405136844,1.733370184208599,0.0
-0.3323861971727825,-0.884143398918879,0.027887224329618956,-1.370609405136844,1.733370184208599,0.0
